{
  "advantage_filter_ratio": 0.5,
  "batch_size": 128,
  "candidate_input_dim": 5,
  "candidate_mlp_layers": [
    64,
    128,
    256
  ],
  "checkpoint_interval": 5,
  "ckpt_prefix": "construct_v7.0",
  "collision_tol": 0.05,
  "device": "cpu",
  "diameters": [
    0.7,
    0.725,
    0.75,
    0.775,
    0.8,
    0.8250000000000001,
    0.8500000000000001,
    0.8750000000000001,
    0.9000000000000001,
    0.9250000000000002,
    0.9500000000000002,
    0.9750000000000002,
    1.0000000000000002,
    1.0250000000000004,
    1.0500000000000003,
    1.0750000000000002,
    1.1000000000000003,
    1.1250000000000004,
    1.1500000000000004,
    1.1750000000000003,
    1.2000000000000004,
    1.2250000000000005,
    1.2500000000000004,
    1.2750000000000004,
    1.3000000000000005,
    1.3250000000000006,
    1.3500000000000005,
    1.3750000000000004,
    1.4000000000000006
  ],
  "edge_tol": 0.05,
  "embed_dim": 256,
  "eval_conf_file": "v7.0_best_packing.conf",
  "eval_episodes": 20,
  "eval_report_file": "v7.0_eval_report.txt",
  "eval_temperature": 5.0,
  "gamma": 0.99,
  "log_file": "v7.0_train_log.csv",
  "lr": 0.0005,
  "max_candidates": 1000,
  "max_particles": 200,
  "num_iterations": 20,
  "num_workers": 20,
  "rollback_threshold": 1.5,
  "rollback_tol": 0.01,
  "rollback_window": 3,
  "samples_per_iter": 100,
  "save_data": false,
  "target_N": 100,
  "target_phi": 0.72,
  "temperature": 8.0,
  "train_epochs": 1,
  "transformer_d_model": 256,
  "transformer_ffn_dim": 512,
  "transformer_layers": 3,
  "transformer_nhead": 8
}