{
  "batch_size": 256,
  "candidate_input_dim": 5,
  "candidate_mlp_layers": [
    32,
    64,
    128
  ],
  "ckpt_prefix": "construct_v7.0",
  "collision_tol": 0.0,
  "device": "cuda",
  "diam_max": 1.35,
  "diam_min": 0.7,
  "diam_step": 0.05,
  "diameters": [
    0.7,
    0.75,
    0.8,
    0.8500000000000001,
    0.9000000000000001,
    0.9500000000000002,
    1.0000000000000002,
    1.0500000000000003,
    1.1000000000000003,
    1.1500000000000004,
    1.2000000000000004,
    1.2500000000000004,
    1.3000000000000005,
    1.3500000000000005
  ],
  "edge_tol": 0.05,
  "embed_dim": 128,
  "eval_conf_file": "v7.0_best_packing.conf",
  "eval_episodes": 30,
  "eval_report_file": "v7.0_eval_report.txt",
  "eval_temperature": 1.0,
  "fusion_layers": [
    256,
    128
  ],
  "gamma": 0.99,
  "gnn_layers": 3,
  "graph_hidden_dim": 128,
  "graph_input_dim": 4,
  "log_file": "v7.0_train_log.csv",
  "lr": 0.0003,
  "max_candidates": 1000,
  "max_particles": 200,
  "num_iterations": 20,
  "num_workers": 8,
  "samples_per_iter": 20,
  "save_interval": 5,
  "target_N": 50,
  "target_phi": 0.72,
  "temperature": 1.0,
  "train_epochs": 5
}