{
  "batch_size": 256,
  "candidate_input_dim": 5,
  "candidate_mlp_layers": [
    32,
    64,
    128
  ],
  "ckpt_prefix": "construct_v7.0",
  "collision_tol": 0.05,
  "device": "cuda",
  "diameters": [
    0.7,
    0.75,
    0.8,
    0.8500000000000001,
    0.9000000000000001,
    0.9500000000000002,
    1.0000000000000002,
    1.0500000000000003,
    1.1000000000000003,
    1.1500000000000004,
    1.2000000000000004,
    1.2500000000000004,
    1.3000000000000005,
    1.3500000000000005
  ],
  "edge_tol": 0.05,
  "embed_dim": 128,
  "eval_conf_file": "v7.0_best_packing.conf",
  "eval_episodes": 20,
  "eval_report_file": "v7.0_eval_report.txt",
  "eval_temperature": 1.0,
  "gamma": 0.99,
  "log_file": "v7.0_train_log.csv",
  "lr": 0.0005,
  "max_candidates": 1000,
  "max_particles": 200,
  "num_iterations": 10,
  "num_workers": 8,
  "rollback_tol": 0.01,
  "samples_per_iter": 10,
  "save_data": true,
  "target_N": 100,
  "target_phi": 0.72,
  "temperature": 1.0,
  "train_epochs": 5,
  "transformer_d_model": 128,
  "transformer_ffn_dim": 256,
  "transformer_layers": 3,
  "transformer_nhead": 4
}